PDF file,%PDF-1.4,9,lightblue
PDF file,Cavity 1,5,red
PDF file,3 0 obj,258
PDF file,4 0 obj,4142
PDF file,5 0 obj,260
PDF file,6 0 obj,383
PDF file,7 0 obj,383
PDF file,8 0 obj,383
PDF file,9 0 obj,287
PDF file,10 0 obj,295
PDF file,1 0 obj,89
PDF file,11 0 obj,62
PDF file,12 0 obj,153
PDF file,13 0 obj,976
PDF file,14 0 obj,396
PDF file,15 0 obj,69
PDF file,16 0 obj,281
PDF file,17 0 obj,388
PDF file,18 0 obj,11720
PDF file,19 0 obj,158
PDF file,20 0 obj,557
PDF file,21 0 obj,396
PDF file,22 0 obj,69
PDF file,23 0 obj,292
PDF file,24 0 obj,384
PDF file,25 0 obj,12183
PDF file,26 0 obj,3503
PDF file,27 0 obj,844
PDF file,2 0 obj,155
PDF file,28 0 obj,214
PDF file,29 0 obj,110
PDF file,Cavity 2,609,red
PDF file,trailer,8,lightblue
PDF file,Cavity 3,116,red
PDF file,startxref,10,lightblue
PDF file,Cavity 4,5,red
PDF file,%%EOF,6,lightblue
3 0 obj,Dictionaries,258,wheat
4 0 obj,Stream dicts,53,wheat
4 0 obj,Compressed 4 0 obj,4089,MistyRose
5 0 obj,Dictionaries,260,wheat
6 0 obj,Dictionaries,383,wheat
7 0 obj,Dictionaries,383,wheat
8 0 obj,Dictionaries,383,wheat
9 0 obj,Dictionaries,287,wheat
10 0 obj,Dictionaries,295,wheat
1 0 obj,Dictionaries,89,wheat
11 0 obj,Dictionaries,62,wheat
12 0 obj,Dictionaries,153,wheat
13 0 obj,Dictionaries,976,wheat
14 0 obj,Stream dicts,32,wheat
14 0 obj,Compressed 14 0 obj,364,MistyRose
15 0 obj,Dictionaries,69,wheat
16 0 obj,Dictionaries,281,wheat
17 0 obj,Stream dicts,54,wheat
17 0 obj,Compressed 17 0 obj,334,MistyRose
18 0 obj,Stream dicts,71,wheat
18 0 obj,Compressed 18 0 obj,11649,MistyRose
19 0 obj,Dictionaries,158,wheat
20 0 obj,Dictionaries,557,wheat
21 0 obj,Stream dicts,32,wheat
21 0 obj,Compressed 21 0 obj,364,MistyRose
22 0 obj,Dictionaries,69,wheat
23 0 obj,Dictionaries,292,wheat
24 0 obj,Stream dicts,54,wheat
24 0 obj,Compressed 24 0 obj,330,MistyRose
25 0 obj,Stream dicts,71,wheat
25 0 obj,Compressed 25 0 obj,12112,MistyRose
26 0 obj,Stream dicts,259,wheat
26 0 obj,Compressed 26 0 obj,3244,MistyRose
27 0 obj,Stream dicts,53,wheat
27 0 obj,Compressed 27 0 obj,791,MistyRose
2 0 obj,Dictionaries,155,wheat
28 0 obj,Dictionaries,214,wheat
29 0 obj,Dictionaries,110,wheat
Compressed 4 0 obj,Uncompressed data,21465,MistyRose
Compressed 14 0 obj,Uncompressed data,364,MistyRose
Compressed 17 0 obj,Uncompressed data,131089,MistyRose
Compressed 18 0 obj,Uncompressed data,26061,MistyRose
Compressed 21 0 obj,Uncompressed data,364,MistyRose
Compressed 24 0 obj,Uncompressed data,131089,MistyRose
Compressed 25 0 obj,Uncompressed data,26953,MistyRose
Compressed 26 0 obj,Uncompressed data,20987,MistyRose
Compressed 27 0 obj,Uncompressed data,791,MistyRose
Cavity 1,Cavities,5,red
Cavity 2,Cavities,609,red
Cavity 3,Cavities,116,red
Cavity 4,Cavities,5,red
%PDF-1.4,Overhead,9,lightblue
trailer,Overhead,8,lightblue
startxref,Overhead,10,lightblue
%%EOF,Overhead,6,lightblue
Stream dicts,Dictionaries,679,wheat
Dictionaries,Objects,6113,wheat
